{
  "model_type": "logistic_regression",
  "intercept": 0.005532350854248913,
  "coefficients": [
    0.05747601569555547,
    0.017467947418294806,
    0.06678907052473834,
    0.027215745445407363,
    0.19450761178605597,
    0.003334684068695232,
    -0.0758969092971172,
    -0.6808372884866531,
    -8.631491675904832e-07,
    -0.0002553392427681824,
    5.10905913983887e-05,
    0.1215725158823324,
    -0.16102294796924357,
    0.18990237485411435,
    -0.04213205788282458,
    0.01363099437403916,
    0.14351854633557087,
    3.218390003904708e-06,
    -3.98115162293211e-06,
    5.346185755592045e-07,
    -1.0762605405808926e-06,
    -1.9968641979143152e-06
  ],
  "feature_names": [
    "Win Streak",
    "Loss Streak",
    "Early Kills",
    "Mid Kills",
    "Late Kills",
    "Early Deaths",
    "Mid Deaths",
    "Late Deaths",
    "Gold Diff Early",
    "Gold Diff Mid",
    "Gold Diff Late",
    "KA Diff Early",
    "KA Diff Mid",
    "KA Diff Late",
    "Early Teamfights",
    "Mid Teamfights",
    "Late Teamfights",
    "Lane Matchup",
    "Synergy 0",
    "Synergy 1",
    "Synergy 2",
    "Synergy 3"
  ],
  "feature_means": [
    0.17201642073524548,
    0.15777029408734225,
    0.9020974217421092,
    1.4840447358383813,
    3.6019092448884042,
    0.9091996970370732,
    1.4907637883380964,
    3.611525967863515,
    0.956897014874412,
    5.1850842548575615,
    16.305414687659272,
    0.002166364147156027,
    0.010643321350950335,
    0.03268676433017669,
    2.0675484406266778,
    3.540580944065741,
    9.064780921289291,
    6830.720109977711,
    6546.682731293938,
    6669.551242491454,
    7253.851573473029,
    7127.397467114242
  ],
  "accuracy": 0.7583,
  "n_samples": 553203,
  "n_features": 22
}