{
  "model_type": "logistic_regression",
  "intercept": 0.06026885281028835,
  "coefficients": [
    2.8005570443587766,
    -11.817720251573148,
    4.806276826720544,
    -0.05552607244358992,
    0.007658704555273591,
    -0.0002950154142613225,
    -3.14822093342032e-05,
    1.6039130779696633,
    -0.02818159888394468,
    -0.0726205113077368,
    -1.6866676273287102,
    -0.052776825424649905,
    0.00012130275014339376,
    -0.0009423505428631273,
    0.024877659734720798,
    -0.013369697375266472,
    -0.007485590861185714,
    -0.2495174234154131,
    -0.005429566879555273,
    0.00925356863558039,
    -0.012524648834728301,
    -0.026797920040725832,
    -0.4554654780671071,
    1.647095694104379,
    0.7789166437255123,
    1.6587812201030446e-05,
    1.880266629872534e-06,
    4.634681343400007e-06,
    -9.453251364571328e-06,
    3.3506905600980238e-06
  ],
  "feature_names": [
    "Kills/min",
    "Deaths/min",
    "Assists/min",
    "CS/min",
    "Gold/min",
    "Damage/min",
    "Dmg Taken/min",
    "Wards/min",
    "Vision Score",
    "Level",
    "Carry %",
    "Rank",
    "LP",
    "W Streak 1",
    "W Streak 2",
    "W Streak 3",
    "W Streak 5",
    "W Streak 10+",
    "L Streak 1",
    "L Streak 2",
    "L Streak 3",
    "L Streak 5",
    "L Streak 10+",
    "Baron Kills",
    "Rift Herald",
    "Lane Matchup",
    "Synergy 0",
    "Synergy 1",
    "Synergy 2",
    "Synergy 3"
  ],
  "feature_means": [
    0.20701179307124534,
    0.20792734983932426,
    0.28408882350538883,
    5.816572826192991,
    425.03850778072876,
    766.9188579947597,
    943.8392135632765,
    0.41312515551449863,
    31.73273825340788,
    15.101237701169373,
    0.09884514298356117,
    6.291214978949861,
    81.72785939338723,
    0.38011543682879523,
    0.17201642073524548,
    0.08057620801044102,
    0.01902195035095616,
    0.0006200255602373812,
    0.36465456622614123,
    0.15777029408734225,
    0.07004842706926752,
    0.014714309213796744,
    0.0004266065079184314,
    0.5390372069565783,
    0.40175848648687734,
    6830.720109977711,
    6546.682731293938,
    6669.551242491454,
    7253.851573473029,
    7127.397467114242
  ],
  "accuracy": 0.844,
  "n_samples": 553203,
  "n_features": 30
}