{
  "feature_names": [
    "Kills/min",
    "Deaths/min",
    "Assists/min",
    "CS/min",
    "Gold/min",
    "Damage/min",
    "Dmg Taken/min",
    "Wards/min",
    "Vision Score",
    "Level",
    "Carry %",
    "Rank",
    "LP",
    "W Streak 1",
    "W Streak 2",
    "W Streak 3",
    "W Streak 5",
    "W Streak 10+",
    "L Streak 1",
    "L Streak 2",
    "L Streak 3",
    "L Streak 5",
    "L Streak 10+"
  ],
  "coefficients": [
    1.700413437928952,
    -4.946372878875216,
    4.789801543622028,
    0.04400850012824403,
    0.007555415036224471,
    -0.0002646039536818372,
    -0.000988474498675041,
    0.40454781031408443,
    0.0,
    0.06468897401207423,
    0.15170274150074414,
    -0.3785865548300971,
    0.00026825922873267464,
    0.02719781145314482,
    0.18373490101050832,
    -0.025476915668872717,
    -0.0026391280544166094,
    -0.0484722531116408,
    0.11364839896163736,
    -0.03953527378527286,
    0.019283635849211656,
    -0.049555318423142515,
    -0.0004522576494288173
  ],
  "intercept": -1.5902678477027465,
  "feature_means": [
    0.2041550370239801,
    0.20399389919922378,
    0.282597860846844,
    6.1213539684109355,
    432.18193527934045,
    756.4089895098081,
    930.3109775840693,
    0.4576563441069607,
    0.0,
    14.469819455672326,
    0.09911909500326305,
    7.771759633521961,
    951.6901104823497,
    0.40905416329830235,
    0.2224467798437079,
    0.1271894368094853,
    0.04068984101320399,
    0.0026946914578280788,
    0.36041498248450554,
    0.1816222042576125,
    0.08919428725410941,
    0.02088385879816761,
    0.0012126111560226355
  ],
  "n_samples": 7422,
  "accuracy": 0.8039
}