{
  "model_type": "logistic_regression",
  "intercept": -0.04214312671967452,
  "coefficients": [
    -0.00025253502957394206,
    0.7722133265256669,
    0.004843982612955889,
    0.02420492836482189,
    0.015462580615966122,
    -0.024148144776873496,
    0.02551973966132399,
    -3.0186817267060264,
    6.948353947176694,
    -5.581747714727593,
    0.004843982612955889,
    1.5974430119104226,
    0.033410614827928724,
    -0.016530040594287265,
    0.1668259716232299,
    -0.01874009902029316,
    -0.028715906765854594,
    -0.11399778811832562,
    -0.04547591392410789,
    0.014574338052808606,
    0.0064811236008920255,
    0.0013730341409537714,
    -0.03592290408670571,
    -0.009685008095660561,
    0.028273659890344603,
    -0.013634280925929469,
    -0.00047400660481121106,
    -0.0001477524375701001,
    4.311714970052278e-06,
    0.06987487497460064,
    -0.09812173080724783,
    0.19666634977620645,
    0.0004983253632018918,
    -0.0004693879078982729,
    -0.00022612617201849138,
    -2.807987744814274e-06,
    -7.77220405425941e-07,
    -5.498398404080608e-07,
    1.1030272372497401e-06,
    -5.516788269245739e-07
  ],
  "feature_names": [
    "Dmg Taken/min",
    "Wards/min",
    "Vision Score",
    "Rank",
    "Win Streak",
    "Loss Streak",
    "Teamplay",
    "Damage Share",
    "Gold Share",
    "Kill Participation",
    "Vision Score (perf)",
    "Level Diff",
    "Early Kills",
    "Mid Kills",
    "Late Kills",
    "Early Deaths",
    "Mid Deaths",
    "Early Wards",
    "Mid Wards",
    "Late Wards",
    "Early Teamfights",
    "Mid Teamfights",
    "Late Teamfights",
    "CS Diff Early",
    "CS Diff Mid",
    "CS Diff Late",
    "Gold Diff Early",
    "Gold Diff Mid",
    "Gold Diff Late",
    "KA Diff Early",
    "KA Diff Mid",
    "KA Diff Late",
    "XP Diff Early",
    "XP Diff Mid",
    "XP Diff Late",
    "Lane Matchup",
    "Synergy 0",
    "Synergy 1",
    "Synergy 2",
    "Synergy 3"
  ],
  "feature_means": [
    943.8392135632765,
    0.41312515551449863,
    31.73273825340788,
    6.291214978949861,
    0.17201642073524548,
    0.15777029408734225,
    73.7159541795688,
    0.19554020856720478,
    0.19344092494069615,
    0.4530915595179974,
    31.73273825340788,
    -0.42086178129908913,
    0.9020974217421092,
    1.4840447358383813,
    3.6019092448884042,
    0.9091996970370732,
    1.4907637883380964,
    2.0688626055896298,
    3.2504433273138433,
    7.166190349654648,
    2.0675484406266778,
    3.540580944065741,
    9.064780921289291,
    0.02118973062421034,
    0.09104660203337753,
    0.1935970226083473,
    0.956897014874412,
    5.1850842548575615,
    16.305414687659272,
    0.002166364147156027,
    0.010643321350950335,
    0.03268676433017669,
    0.6662942743906786,
    3.622568688479648,
    11.222820268152924,
    6830.720109977711,
    6546.682731293938,
    6669.551242491454,
    7253.851573473029,
    7127.397467114242
  ],
  "accuracy": 0.824,
  "n_samples": 553203,
  "n_features": 40
}